94800,[  3   2   1  98  76 157 339 138 154  85]
35021,[  3   2   1  98  76 157 339 138 154  85]
86705,[  3   2   1  98  76 157 339 138 154  85]
41785,[  3   2   1  98  76 157 339 138 154  85]
37898,[  3   2   1  98  76 157 339 138 154  85]
575,[  3   2   1  98  76 157 339 138 154  85]
39927,[  3   2   1  98  76 157 339 138 154  85]
51201,[  3   2   1  98  76 157 339 138 154  85]
5462,[  3   2   1  98  76 157 339 138 154  85]
45398,[  3   2   1  98  76 157 339 138 154  85]
7943,[  3   2   1  98  76 157 339 138 154  85]
7923,[  3   2   1  98  76 157 339 138 154  85]
35233,[  3   2   1  98  76 157 339 138 154  85]
54231,[  3   2   1  98  76 157 339 138 154  85]
65983,[  3   2   1  98  76 157 339 138 154  85]
34788,[  3   2   1  98  76 157 339 138 154  85]
60724,[  3   2   1  98  76 157 339 138 154  85]
35771,[  3   2   1  98  76 157 339 138 154  85]
55680,[  3   2   1  98  76 157 339 138 154  85]
17654,[  3   2   1  98  76 157 339 138 154  85]
89193,[  3   2   1  98  76 157 339 138 154  85]
79076,[  3   2   1  98  76 157 339 138 154  85]
62558,[  3   2   1  98  76 157 339 138 154  85]
58902,[  3   2   1  98  76 157 339 138 154  85]
1244,[  3   2   1  98  76 157 339 138 154  85]
72459,[  3   2   1  98  76 157 339 138 154  85]
95963,[  3   2   1  98  76 157 339 138 154  85]
1477,[  3   2   1  98  76 157 339 138 154  85]
3740,[  3   2   1  98  76 157 339 138 154  85]
30004,[  3   2   1  98  76 157 339 138 154  85]
35808,[  3   2   1  98  76 157 339 138 154  85]
28232,[  3   2   1  98  76 157 339 138 154  85]
33566,[  3   2   1  98  76 157 339 138 154  85]
94296,[  3   2   1  98  76 157 339 138 154  85]
34759,[  3   2   1  98  76 157 339 138 154  85]
34722,[  3   2   1  98  76 157 339 138 154  85]
53155,[  3   2   1  98  76 157 339 138 154  85]
13987,[  3   2   1  98  76 157 339 138 154  85]
38069,[  3   2   1  98  76 157 339 138 154  85]
1158,[  3   2   1  98  76 157 339 138 154  85]
47162,[  3   2   1  98  76 157 339 138 154  85]
56694,[  3   2   1  98  76 157 339 138 154  85]
32991,[  3   2   1  98  76 157 339 138 154  85]
92147,[  3   2   1  98  76 157 339 138 154  85]
24237,[  3   2   1  98  76 157 339 138 154  85]
90263,[  3   2   1  98  76 157 339 138 154  85]
18854,[  3   2   1  98  76 157 339 138 154  85]
74556,[  3   2   1  98  76 157 339 138 154  85]
79057,[  3   2   1  98  76 157 339 138 154  85]
11615,[  3   2   1  98  76 157 339 138 154  85]
92979,[  3   2   1  98  76 157 339 138 154  85]
46682,[  3   2   1  98  76 157 339 138 154  85]
69923,[  3   2   1  98  76 157 339 138 154  85]
7235,[  3   2   1  98  76 157 339 138 154  85]
14546,[  3   2   1  98  76 157 339 138 154  85]
86896,[  3   2   1  98  76 157 339 138 154  85]
78774,[  3   2   1  98  76 157 339 138 154  85]
51357,[  3   2   1  98  76 157 339 138 154  85]
47203,[  3   2   1  98  76 157 339 138 154  85]
84937,[  3   2   1  98  76 157 339 138 154  85]
87842,[  3   2   1  98  76 157 339 138 154  85]
23788,[  3   2   1  98  76 157 339 138 154  85]
95972,[  3   2   1  98  76 157 339 138 154  85]
94660,[  3   2   1  98  76 157 339 138 154  85]
60862,[  3   2   1  98  76 157 339 138 154  85]
61388,[  3   2   1  98  76 157 339 138 154  85]
95048,[  3   2   1  98  76 157 339 138 154  85]
2875,[  3   2   1  98  76 157 339 138 154  85]
83365,[  3   2   1  98  76 157 339 138 154  85]
41285,[  3   2   1  98  76 157 339 138 154  85]
55558,[  3   2   1  98  76 157 339 138 154  85]
1423,[  3   2   1  98  76 157 339 138 154  85]
46638,[  3   2   1  98  76 157 339 138 154  85]
18186,[  3   2   1  98  76 157 339 138 154  85]
87763,[  3   2   1  98  76 157 339 138 154  85]
22414,[  3   2   1  98  76 157 339 138 154  85]
85260,[  3   2   1  98  76 157 339 138 154  85]
94022,[  3   2   1  98  76 157 339 138 154  85]
23329,[  3   2   1  98  76 157 339 138 154  85]
5484,[  3   2   1  98  76 157 339 138 154  85]
54926,[  3   2   1  98  76 157 339 138 154  85]
91265,[  3   2   1  98  76 157 339 138 154  85]
50466,[  3   2   1  98  76 157 339 138 154  85]
90697,[  3   2   1  98  76 157 339 138 154  85]
51063,[  3   2   1  98  76 157 339 138 154  85]
66385,[  3   2   1  98  76 157 339 138 154  85]
11659,[  3   2   1  98  76 157 339 138 154  85]
23711,[  3   2   1  98  76 157 339 138 154  85]
61042,[  3   2   1  98  76 157 339 138 154  85]
67859,[  3   2   1  98  76 157 339 138 154  85]
32804,[  3   2   1  98  76 157 339 138 154  85]
82591,[  3   2   1  98  76 157 339 138 154  85]
25142,[  3   2   1  98  76 157 339 138 154  85]
68662,[  3   2   1  98  76 157 339 138 154  85]
2926,[  3   2   1  98  76 157 339 138 154  85]
53802,[  3   2   1  98  76 157 339 138 154  85]
16361,[  3   2   1  98  76 157 339 138 154  85]
56541,[  3   2   1  98  76 157 339 138 154  85]
82244,[  3   2   1  98  76 157 339 138 154  85]
63892,[  3   2   1  98  76 157 339 138 154  85]
69272,[  3   2   1  98  76 157 339 138 154  85]
54588,[  3   2   1  98  76 157 339 138 154  85]
9037,[  3   2   1  98  76 157 339 138 154  85]
21584,[  3   2   1  98  76 157 339 138 154  85]
21920,[  3   2   1  98  76 157 339 138 154  85]
85498,[  3   2   1  98  76 157 339 138 154  85]
23055,[  3   2   1  98  76 157 339 138 154  85]
17431,[  3   2   1  98  76 157 339 138 154  85]
47287,[  3   2   1  98  76 157 339 138 154  85]
76784,[  3   2   1  98  76 157 339 138 154  85]
37307,[  3   2   1  98  76 157 339 138 154  85]
65755,[  3   2   1  98  76 157 339 138 154  85]
53849,[  3   2   1  98  76 157 339 138 154  85]
54500,[  3   2   1  98  76 157 339 138 154  85]
76018,[  3   2   1  98  76 157 339 138 154  85]
58854,[  3   2   1  98  76 157 339 138 154  85]
43719,[  3   2   1  98  76 157 339 138 154  85]
29399,[  3   2   1  98  76 157 339 138 154  85]
54199,[  3   2   1  98  76 157 339 138 154  85]
28402,[  3   2   1  98  76 157 339 138 154  85]
48186,[  3   2   1  98  76 157 339 138 154  85]
10786,[  3   2   1  98  76 157 339 138 154  85]
28974,[  3   2   1  98  76 157 339 138 154  85]
67117,[  3   2   1  98  76 157 339 138 154  85]
42085,[  3   2   1  98  76 157 339 138 154  85]
29834,[  3   2   1  98  76 157 339 138 154  85]
76826,[  3   2   1  98  76 157 339 138 154  85]
740,[  3   2   1  98  18  76  32  45 157  85]
56688,[  3   2   1  98  76 157 339 138 154  85]
88255,[  3   2   1  98  76 157 339 138 154  85]
45652,[  3   2   1  98  76 157 339 138 154  85]
89325,[  3   2   1  98  76 157 339 138 154  85]
66950,[  3   2   1  98  76 157 339 138 154  85]
53797,[  3   2   1  98  76 157 339 138 154  85]
74920,[  3   2   1  98  76 157 339 138 154  85]
38215,[  3   2   1  98  76 157 339 138 154  85]
61099,[  3   2   1  98  76 157 339 138 154  85]
89580,[  3   2   1  98  76 157 339 138 154  85]
75633,[  3   2   1  98  76 157 339 138 154  85]
6930,[  3   2   1  98  76 157 339 138 154  85]
83654,[  3   2   1  98  76 157 339 138 154  85]
49549,[  3   2   1  98  76 157 339 138 154  85]
80985,[  3   2   1  98  76 157 339 138 154  85]
54956,[  3   2   1  98  76 157 339 138 154  85]
12165,[  3   2   1  98  76 157 339 138 154  85]
78588,[  3   2   1  98  76 157 339 138 154  85]
19988,[  3   2   1  98  76 157 339 138 154  85]
43534,[  3   2   1  98  76 157 339 138 154  85]
13443,[  3   2   1  98  76 157 339 138 154  85]
10666,[  3   2   1  98  76 157 339 138 154  85]
28156,[  3   2   1  98  76 157 339 138 154  85]
83409,[  3   2   1  98  76 157 339 138 154  85]
91777,[  3   2   1  98  76 157 339 138 154  85]
49884,[  3   2   1  98  76 157 339 138 154  85]
60565,[  3   2   1  98  76 157 339 138 154  85]
77632,[  3   2   1  98  76 157 339 138 154  85]
23496,[  3   2   1  98  76 157 339 138 154  85]
93911,[  3   2   1  98  76 157 339 138 154  85]
53757,[  3   2   1  98  76 157 339 138 154  85]
77904,[  3   2   1  98  76 157 339 138 154  85]
17391,[  3   2   1  98  76 157 339 138 154  85]
66391,[  3   2   1  98  76 157 339 138 154  85]
30755,[  3   2   1  98  76 157 339 138 154  85]
30782,[  3   2   1  98  76 157 339 138 154  85]
44990,[  3   2   1  98  76 157 339 138 154  85]
68594,[  3   2   1  98  76 157 339 138 154  85]
19618,[  3   2   1  98  76 157 339 138 154  85]
25466,[  3   2   1  98  76 157 339 138 154  85]
95047,[  3   2   1  98  76 157 339 138 154  85]
74897,[  3   2   1  98  76 157 339 138 154  85]
90753,[  3   2   1  98  76 157 339 138 154  85]
57281,[  3   2   1  98  76 157 339 138 154  85]
54402,[  3   2   1  98  76 157 339 138 154  85]
24383,[  3   2   1  98  76 157 339 138 154  85]
95971,[  3   2   1  98  76 157 339 138 154  85]
5448,[  3   2   1  98  76 157 339 138 154  85]
22546,[  3   2   1  98  76 157 339 138 154  85]
93427,[  3   2   1  98  76 157 339 138 154  85]
70935,[  3   2   1  98  76 157 339 138 154  85]
19936,[  3   2   1  98  76 157 339 138 154  85]
21137,[  3   2   1  98  76 157 339 138 154  85]
86479,[  3   2   1  98  76 157 339 138 154  85]
65657,[  3   2   1  98  76 157 339 138 154  85]
41280,[  3   2   1  98  76 157 339 138 154  85]
60932,[  3   2   1  98  76 157 339 138 154  85]
11336,[  3   2   1  98  76 157 339 138 154  85]
60160,[  3   2   1  98  76 157 339 138 154  85]
2851,[  3   2   1  98  76 157 339 138 154  85]
73292,[  3   2   1  98  76 157 339 138 154  85]
34811,[  3   2   1  98  76 157 339 138 154  85]
41208,[  3   2   1  98  76 157 339 138 154  85]
12002,[  3   2   1  98  76 157 339 138 154  85]
36359,[  3   2   1  98  76 157 339 138 154  85]
28225,[  3   2   1  98  76 157 339 138 154  85]
59760,[  3   2   1  98  76 157 339 138 154  85]
40691,[  3   2   1  98  76 157 339 138 154  85]
73832,[  3   2   1  98  76 157 339 138 154  85]
35761,[  3   2   1  98  76 157 339 138 154  85]
4707,[  3   2   1  98  76 157 339 138 154  85]
7908,[  3   2   1  98  76 157 339 138 154  85]
25882,[  3   2   1  98  76 157 339 138 154  85]
34508,[  3   2   1  98  76 157 339 138 154  85]
76433,[  3   2   1  98  76 157 339 138 154  85]
10664,[  3   2   1  98  76 157 339 138 154  85]
93553,[  3   2   1  98  76 157 339 138 154  85]
38214,[  3   2   1  98  76 157 339 138 154  85]
74292,[  3   2   1  98  76 157 339 138 154  85]
78324,[  3   2   1  98  76 157 339 138 154  85]
4447,[  3   2   1  98  76 157 339 138 154  85]
63373,[  3   2   1  98  76 157 339 138 154  85]
58791,[  3   2   1  98  76 157 339 138 154  85]
51427,[  3   2   1  98  76 157 339 138 154  85]
44050,[  3   2   1  98  76 157 339 138 154  85]
58395,[  3   2   1  98  76 157 339 138 154  85]
16831,[  3   2   1  98  76 157 339 138 154  85]
42269,[  3   2   1  98  76 157 339 138 154  85]
41877,[  3   2   1  98  76 157 339 138 154  85]
14200,[  3   2   1  98  76 157 339 138 154  85]
34990,[  3   2   1  98  76 157 339 138 154  85]
87531,[  3   2   1  98  76 157 339 138 154  85]
9202,[  3   2   1  98  76 157 339 138 154  85]
37279,[  3   2   1  98  76 157 339 138 154  85]
10044,[  3   2   1  98  76 157 339 138 154  85]
69717,[  3   2   1  98  76 157 339 138 154  85]
11139,[  3   2   1  98  76 157 339 138 154  85]
6154,[  3   2   1  98  76 157 339 138 154  85]
74771,[  3   2   1  98  76 157 339 138 154  85]
25860,[  3   2   1  98  76 157 339 138 154  85]
85028,[  3   2   1  98  76 157 339 138 154  85]
30794,[  3   2   1  98  76 157 339 138 154  85]
90965,[  3   2   1  98  76 157 339 138 154  85]
40809,[  3   2   1  98  76 157 339 138 154  85]
83373,[  3   2   1  98  76 157 339 138 154  85]
66722,[  3   2   1  98  76 157 339 138 154  85]
33436,[  3   2   1  98  76 157 339 138 154  85]
87976,[  3   2   1  98  76 157 339 138 154  85]
50540,[  3   2   1  98  76 157 339 138 154  85]
94443,[  3   2   1  98  76 157 339 138 154  85]
11576,[  3   2   1  98  76 157 339 138 154  85]
36266,[  3   2   1  98  76 157 339 138 154  85]
18466,[  3   2   1  98  76 157 339 138 154  85]
31771,[  3   2   1  98  76 157 339 138 154  85]
72125,[  3   2   1  98  76 157 339 138 154  85]
62491,[  3   2   1  98  76 157 339 138 154  85]
86068,[  3   2   1  98  76 157 339 138 154  85]
54576,[  3   2   1  98  76 157 339 138 154  85]
39756,[  3   2   1  98  76 157 339 138 154  85]
96763,[  3   2   1  98  76 157 339 138 154  85]
33231,[  3   2   1  98  76 157 339 138 154  85]
83220,[  3   2   1  98  76 157 339 138 154  85]
26450,[  3   2   1  98  76 157 339 138 154  85]
90606,[  3   2   1  98  76 157 339 138 154  85]
53765,[  3   2   1  98  76 157 339 138 154  85]
70112,[  3   2   1  98  76 157 339 138 154  85]
76726,[  3   2   1  98  76 157 339 138 154  85]
4658,[  3   2   1  98  76 157 339 138 154  85]
80798,[  3   2   1  98  76 157 339 138 154  85]
21745,[  3   2   1  98  76 157 339 138 154  85]
41007,[  3   2   1  98  76 157 339 138 154  85]
85982,[  3   2   1  98  76 157 339 138 154  85]
30496,[  3   2   1  98  76 157 339 138 154  85]
76171,[  3   2   1  98  76 157 339 138 154  85]
64743,[  3   2   1  98  76 157 339 138 154  85]
32459,[  3   2   1  98  76 157 339 138 154  85]
94138,[  3   2   1  98  76 157 339 138 154  85]
61649,[  3   2   1  98  76 157 339 138 154  85]
77343,[  3   2   1  98  76 157 339 138 154  85]
35646,[  3   2   1  98  76 157 339 138 154  85]
92489,[  3   2   1  98  76 157 339 138 154  85]
75335,[  3   2   1  98  76 157 339 138 154  85]
25316,[  3   2   1  98  76 157 339 138 154  85]
75314,[  3   2   1  98  76 157 339 138 154  85]
11494,[  3   2   1  98  76 157 339 138 154  85]
83079,[  3   2   1  98  76 157 339 138 154  85]
25334,[  3   2   1  98  76 157 339 138 154  85]
35186,[  3   2   1  98  76 157 339 138 154  85]
77395,[  3   2   1  98  76 157 339 138 154  85]
49036,[  3   2   1  98  76 157 339 138 154  85]
30012,[  3   2   1  98  76 157 339 138 154  85]
18401,[  3   2   1  98  76 157 339 138 154  85]
34748,[  3   2   1  98  76 157 339 138 154  85]
53583,[  3   2   1  98  76 157 339 138 154  85]
89249,[  3   2   1  98  76 157 339 138 154  85]
93815,[  3   2   1  98  76 157 339 138 154  85]
13648,[  3   2   1  98  76 157 339 138 154  85]
45992,[  3   2   1  98  76 157 339 138 154  85]
59921,[  3   2   1  98  76 157 339 138 154  85]
82675,[  3   2   1  98  76 157 339 138 154  85]
37267,[  3   2   1  98  76 157 339 138 154  85]
79576,[  3   2   1  98  76 157 339 138 154  85]
32300,[  3   2   1  98  76 157 339 138 154  85]
18236,[  3   2   1  98  76 157 339 138 154  85]
28161,[  3   2   1  98  76 157 339 138 154  85]
65040,[  3   2   1  98  76 157 339 138 154  85]
25603,[  3   2   1  98  76 157 339 138 154  85]
9182,[  3   2   1  98  76 157 339 138 154  85]
51430,[  3   2   1  98  76 157 339 138 154  85]
72809,[  3   2   1  98  76 157 339 138 154  85]
12963,[  3   2   1  98  76 157 339 138 154  85]
36241,[  3   2   1  98  76 157 339 138 154  85]
40410,[  3   2   1  98  76 157 339 138 154  85]
12791,[  3   2   1  98  76 157 339 138 154  85]
28100,[  3   2   1  98  76 157 339 138 154  85]
34485,[  3   2   1  98  76 157 339 138 154  85]
73730,[  3   2   1  98  76 157 339 138 154  85]
29233,[  3   2   1  98  76 157 339 138 154  85]
12592,[  3   2   1  98  76 157 339 138 154  85]
67759,[  3   2   1  98  76 157 339 138 154  85]
41155,[  3   2   1  98  76 157 339 138 154  85]
97760,[  3   2   1  98  76 157 339 138 154  85]
85524,[  3   2   1  98  76 157 339 138 154  85]
82549,[  3   2   1  98  76 157 339 138 154  85]
61196,[  3   2   1  98  76 157 339 138 154  85]
76275,[  3   2   1  98  76 157 339 138 154  85]
19099,[  3   2   1  98  76 157 339 138 154  85]
52644,[  3   2   1  98  76 157 339 138 154  85]
82686,[  3   2   1  98  76 157 339 138 154  85]
20695,[  3   2   1  98  76 157 339 138 154  85]
785,[  3   2   1  98 138  76 339 154 488 155]
90381,[  3   2   1  98  76 157 339 138 154  85]
50294,[  3   2   1  98  76 157 339 138 154  85]
20012,[  3   2   1  98  76 157 339 138 154  85]
89731,[  3   2   1  98  76 157 339 138 154  85]
60061,[  3   2   1  98  76 157 339 138 154  85]
95363,[  3   2   1  98  76 157 339 138 154  85]
19345,[  3   2   1  98  76 157 339 138 154  85]
282,[  3   2   1  98 339 138  76 154 157 493]
42480,[  3   2   1  98  76 157 339 138 154  85]
98346,[  3   2   1  98  76 157 339 138 154  85]
20655,[  3   2   1  98  76 157 339 138 154  85]
56254,[  3   2   1  98  76 157 339 138 154  85]
23830,[  3   2   1  98  76 157 339 138 154  85]
87915,[  3   2   1  98  76 157 339 138 154  85]
28678,[  3   2   1  98  76 157 339 138 154  85]
51262,[  3   2   1  98  76 157 339 138 154  85]
12200,[  3   2   1  98  76 157 339 138 154  85]
19734,[  3   2   1  98  76 157 339 138 154  85]
22391,[  3   2   1  98  76 157 339 138 154  85]
61616,[  3   2   1  98  76 157 339 138 154  85]
42481,[  3   2   1  98  76 157 339 138 154  85]
25506,[  3   2   1  98  76 157 339 138 154  85]
82768,[  3   2   1  98  76 157 339 138 154  85]
55611,[  3   2   1  98  76 157 339 138 154  85]
67064,[  3   2   1  98  76 157 339 138 154  85]
74976,[  3   2   1  98  76 157 339 138 154  85]
56036,[  3   2   1  98  76 157 339 138 154  85]
20407,[  3   2   1  98  76 157 339 138 154  85]
36550,[  3   2   1  98  76 157 339 138 154  85]
98675,[  3   2   1  98  76 157 339 138 154  85]
35001,[  3   2   1  98  76 157 339 138 154  85]
70016,[  3   2   1  98  76 157 339 138 154  85]
82179,[  3   2   1  98  76 157 339 138 154  85]
28552,[  3   2   1  98  76 157 339 138 154  85]
91730,[  3   2   1  98  76 157 339 138 154  85]
70722,[  3   2   1  98  76 157 339 138 154  85]
75204,[  3   2   1  98  76 157 339 138 154  85]
37809,[  3   2   1  98  76 157 339 138 154  85]
94805,[  3   2   1  98  76 157 339 138 154  85]
58559,[  3   2   1  98  76 157 339 138 154  85]
54020,[  3   2   1  98  76 157 339 138 154  85]
9216,[  3   2   1  98  76 157 339 138 154  85]
86935,[  3   2   1  98  76 157 339 138 154  85]
81337,[  3   2   1  98  76 157 339 138 154  85]
27218,[  3   2   1  98  76 157 339 138 154  85]
51768,[  3   2   1  98  76 157 339 138 154  85]
98174,[  3   2   1  98  76 157 339 138 154  85]
9574,[  3   2   1  98  76 157 339 138 154  85]
40456,[  3   2   1  98  76 157 339 138 154  85]
35126,[  3   2   1  98  76 157 339 138 154  85]
95157,[  3   2   1  98  76 157 339 138 154  85]
36783,[  3   2   1  98  76 157 339 138 154  85]
3291,[  3   2   1  98  18  76  32  45 157  85]
17887,[  3   2   1  98  76 157 339 138 154  85]
1310,[  3   2   1  98  18  76  32  45 157  85]
28502,[  3   2   1  98  76 157 339 138 154  85]
17245,[  3   2   1  98  76 157 339 138 154  85]
79319,[  3   2   1  98  76 157 339 138 154  85]
94049,[  3   2   1  98  76 157 339 138 154  85]
55086,[  3   2   1  98  76 157 339 138 154  85]
60759,[  3   2   1  98  76 157 339 138 154  85]
26936,[  3   2   1  98  76 157 339 138 154  85]
52246,[  3   2   1  98  76 157 339 138 154  85]
24804,[  3   2   1  98  76 157 339 138 154  85]
81002,[  3   2   1  98  76 157 339 138 154  85]
55852,[  3   2   1  98  76 157 339 138 154  85]
42811,[  3   2   1  98  76 157 339 138 154  85]
40197,[  3   2   1  98  76 157 339 138 154  85]
63086,[  3   2   1  98  76 157 339 138 154  85]
74723,[  3   2   1  98  76 157 339 138 154  85]
65963,[  3   2   1  98  76 157 339 138 154  85]
62059,[  3   2   1  98  76 157 339 138 154  85]
55121,[  3   2   1  98  76 157 339 138 154  85]
88984,[  3   2   1  98  76 157 339 138 154  85]
37604,[  3   2   1  98  76 157 339 138 154  85]
35161,[  3   2   1  98  76 157 339 138 154  85]
23778,[  3   2   1  98  76 157 339 138 154  85]
6260,[  3   2   1  98  76 157 339 138 154  85]
21952,[  3   2   1  98  76 157 339 138 154  85]
19994,[  3   2   1  98  76 157 339 138 154  85]
69461,[  3   2   1  98  76 157 339 138 154  85]
1137,[  3   2   1  98 138  76 339 154 157 155]
28790,[  3   2   1  98  76 157 339 138 154  85]
19000,[  3   2   1  98  76 157 339 138 154  85]
78270,[  3   2   1  98  76 157 339 138 154  85]
49517,[  3   2   1  98  76 157 339 138 154  85]
5263,[  3   2   1  98  18  76  32  45 157  85]
10447,[  3   2   1  98  76 157 339 138 154  85]
66871,[  3   2   1  98  76 157 339 138 154  85]
55663,[  3   2   1  98  76 157 339 138 154  85]
24271,[  3   2   1  98  76 157 339 138 154  85]
1426,[  3   2   1  98  18  76  32  45 157  85]
36240,[  3   2   1  98  76 157 339 138 154  85]
24380,[  3   2   1  98  76 157 339 138 154  85]
21024,[  3   2   1  98  76 157 339 138 154  85]
62965,[  3   2   1  98  76 157 339 138 154  85]
15270,[  3   2   1  98  76 157 339 138 154  85]
5162,[  3   2   1  98  18  76  32  45 157  85]
8855,[  3   2   1  98  76 157 339 138 154  85]
61228,[  3   2   1  98  76 157 339 138 154  85]
66698,[  3   2   1  98  76 157 339 138 154  85]
40716,[  3   2   1  98  76 157 339 138 154  85]
94054,[  3   2   1  98  76 157 339 138 154  85]
26689,[  3   2   1  98  76 157 339 138 154  85]
63551,[  3   2   1  98  76 157 339 138 154  85]
30043,[  3   2   1  98  76 157 339 138 154  85]
8711,[  3   2   1  98  76 157 339 138 154  85]
88006,[  3   2   1  98  76 157 339 138 154  85]
4416,[  3   2   1  98  18  76  32  45 157  85]
35515,[  3   2   1  98  76 157 339 138 154  85]
23083,[  3   2   1  98  76 157 339 138 154  85]
22086,[  3   2   1  98  76 157 339 138 154  85]
60057,[  3   2   1  98  76 157 339 138 154  85]
73342,[  3   2   1  98  76 157 339 138 154  85]
57552,[  3   2   1  98  76 157 339 138 154  85]
9946,[  3   2   1  98  76 157 339 138 154  85]
96775,[  3   2   1  98  76 157 339 138 154  85]
50314,[  3   2   1  98  76 157 339 138 154  85]
95149,[  3   2   1  98  76 157 339 138 154  85]
96274,[  3   2   1  98  76 157 339 138 154  85]
6885,[  3   2   1  98  76 157 339 138 154  85]
8634,[  3   2   1  98  76 157 339 138 154  85]
54080,[  3   2   1  98  76 157 339 138 154  85]
39625,[  3   2   1  98  76 157 339 138 154  85]
94452,[  3   2   1  98  76 157 339 138 154  85]
47896,[  3   2   1  98  76 157 339 138 154  85]
43808,[  3   2   1  98  76 157 339 138 154  85]
67246,[  3   2   1  98  76 157 339 138 154  85]
75389,[  3   2   1  98  76 157 339 138 154  85]
11383,[  3   2   1  98  76 157 339 138 154  85]
49728,[  3   2   1  98  76 157 339 138 154  85]
43364,[  3   2   1  98  76 157 339 138 154  85]
84694,[  3   2   1  98  76 157 339 138 154  85]
5579,[  3   2   1  98  18  76  32  45 157  85]
45902,[  3   2   1  98  76 157 339 138 154  85]
74267,[  3   2   1  98  76 157 339 138 154  85]
7694,[  3   2   1  98  76 157 339 138 154  85]
83853,[  3   2   1  98  76 157 339 138 154  85]
39077,[  3   2   1  98  76 157 339 138 154  85]
55657,[  3   2   1  98  76 157 339 138 154  85]
40863,[  3   2   1  98  76 157 339 138 154  85]
29566,[  3   2   1  98  76 157 339 138 154  85]
93139,[  3   2   1  98  76 157 339 138 154  85]
1367,[  3   2   1  98 138  76 339 154 157 155]
91002,[  3   2   1  98  76 157 339 138 154  85]
96117,[  3   2   1  98  76 157 339 138 154  85]
641,[  3   2   1  98 339  76 138 157 154  85]
40884,[  3   2   1  98  76 157 339 138 154  85]
74932,[  3   2   1  98  76 157 339 138 154  85]
94370,[  3   2   1  98  76 157 339 138 154  85]
25031,[  3   2   1  98  76 157 339 138 154  85]
80823,[  3   2   1  98  76 157 339 138 154  85]
70122,[  3   2   1  98  76 157 339 138 154  85]
39427,[  3   2   1  98  76 157 339 138 154  85]
67220,[  3   2   1  98  76 157 339 138 154  85]
61509,[  3   2   1  98  76 157 339 138 154  85]
63710,[  3   2   1  98  76 157 339 138 154  85]
16349,[  3   2   1  98  76 157 339 138 154  85]
40929,[  3   2   1  98  76 157 339 138 154  85]
70037,[  3   2   1  98  76 157 339 138 154  85]
40880,[  3   2   1  98  76 157 339 138 154  85]
22952,[  3   2   1  98  76 157 339 138 154  85]
2526,[  3   2   1  98  18  76  32  45 157  85]
66150,[  3   2   1  98  76 157 339 138 154  85]
89192,[  3   2   1  98  76 157 339 138 154  85]
97863,[  3   2   1  98  76 157 339 138 154  85]
45941,[  3   2   1  98  76 157 339 138 154  85]
12796,[  3   2   1  98  76 157 339 138 154  85]
79904,[  3   2   1  98  76 157 339 138 154  85]
93371,[  3   2   1  98  76 157 339 138 154  85]
51912,[  3   2   1  98  76 157 339 138 154  85]
42998,[  3   2   1  98  76 157 339 138 154  85]
8086,[  3   2   1  98  76 157 339 138 154  85]
69518,[  3   2   1  98  76 157 339 138 154  85]
37340,[  3   2   1  98  76 157 339 138 154  85]
89290,[  3   2   1  98  76 157 339 138 154  85]
44672,[  3   2   1  98  76 157 339 138 154  85]
18226,[  3   2   1  98  76 157 339 138 154  85]
2387,[  3   2   1  98  18  76  32  45 157  85]
20758,[  3   2   1  98  76 157 339 138 154  85]
14460,[  3   2   1  98  76 157 339 138 154  85]
37154,[  3   2   1  98  76 157 339 138 154  85]
60367,[  3   2   1  98  76 157 339 138 154  85]
72602,[  3   2   1  98  76 157 339 138 154  85]
3296,[  3   2   1  98  18  76  32  45 157  85]
98361,[  3   2   1  98  76 157 339 138 154  85]
58523,[  3   2   1  98  76 157 339 138 154  85]
16460,[  3   2   1  98  76 157 339 138 154  85]
94282,[  3   2   1  98  76 157 339 138 154  85]
21266,[  3   2   1  98  76 157 339 138 154  85]
69645,[  3   2   1  98  76 157 339 138 154  85]
89043,[  3   2   1  98  76 157 339 138 154  85]
30059,[  3   2   1  98  76 157 339 138 154  85]
71995,[  3   2   1  98  76 157 339 138 154  85]
70258,[  3   2   1  98  76 157 339 138 154  85]
74689,[  3   2   1  98  76 157 339 138 154  85]
91624,[  3   2   1  98  76 157 339 138 154  85]
95270,[  3   2   1  98  76 157 339 138 154  85]
34878,[  3   2   1  98  76 157 339 138 154  85]
32792,[  3   2   1  98  76 157 339 138 154  85]
73402,[  3   2   1  98  76 157 339 138 154  85]
38426,[  3   2   1  98  76 157 339 138 154  85]
18579,[  3   2   1  98  76 157 339 138 154  85]
13922,[  3   2   1  98  76 157 339 138 154  85]
18502,[  3   2   1  98  76 157 339 138 154  85]
82655,[  3   2   1  98  76 157 339 138 154  85]
25320,[  3   2   1  98  76 157 339 138 154  85]
71020,[  3   2   1  98  76 157 339 138 154  85]
97486,[  3   2   1  98  76 157 339 138 154  85]
79008,[  3   2   1  98  76 157 339 138 154  85]
51973,[  3   2   1  98  76 157 339 138 154  85]
50437,[  3   2   1  98  76 157 339 138 154  85]
96553,[  3   2   1  98  76 157 339 138 154  85]
18580,[  3   2   1  98  76 157 339 138 154  85]
29861,[  3   2   1  98  76 157 339 138 154  85]
20970,[  3   2   1  98  76 157 339 138 154  85]
92621,[  3   2   1  98  76 157 339 138 154  85]
8770,[  3   2   1  98  76 157 339 138 154  85]
86081,[  3   2   1  98  76 157 339 138 154  85]
29192,[  3   2   1  98  76 157 339 138 154  85]
19452,[  3   2   1  98  76 157 339 138 154  85]
21319,[  3   2   1  98  76 157 339 138 154  85]
32267,[  3   2   1  98  76 157 339 138 154  85]
34511,[  3   2   1  98  76 157 339 138 154  85]
23226,[  3   2   1  98  76 157 339 138 154  85]
90640,[  3   2   1  98  76 157 339 138 154  85]
87271,[  3   2   1  98  76 157 339 138 154  85]
64998,[  3   2   1  98  76 157 339 138 154  85]
61181,[  3   2   1  98  76 157 339 138 154  85]
95868,[  3   2   1  98  76 157 339 138 154  85]
87288,[  3   2   1  98  76 157 339 138 154  85]
22450,[  3   2   1  98  76 157 339 138 154  85]
70162,[  3   2   1  98  76 157 339 138 154  85]
10792,[  3   2   1  98  76 157 339 138 154  85]
37930,[  3   2   1  98  76 157 339 138 154  85]
2890,[  3   2   1  98  18  76  32  45 157  85]
26298,[  3   2   1  98  76 157 339 138 154  85]
94953,[  3   2   1  98  76 157 339 138 154  85]
47142,[  3   2   1  98  76 157 339 138 154  85]
73620,[  3   2   1  98  76 157 339 138 154  85]
6073,[  3   2   1  98  18  76  32  45 157  85]
74780,[  3   2   1  98  76 157 339 138 154  85]
33245,[  3   2   1  98  76 157 339 138 154  85]
53962,[  3   2   1  98  76 157 339 138 154  85]
90394,[  3   2   1  98  76 157 339 138 154  85]
51647,[  3   2   1  98  76 157 339 138 154  85]
9783,[  3   2   1  98  76 157 339 138 154  85]
8523,[  3   2   1  98  76 157 339 138 154  85]
29988,[  3   2   1  98  76 157 339 138 154  85]
67436,[  3   2   1  98  76 157 339 138 154  85]
33759,[  3   2   1  98  76 157 339 138 154  85]
26675,[  3   2   1  98  76 157 339 138 154  85]
29918,[  3   2   1  98  76 157 339 138 154  85]
64221,[  3   2   1  98  76 157 339 138 154  85]
48688,[  3   2   1  98  76 157 339 138 154  85]
12972,[  3   2   1  98  76 157 339 138 154  85]
29513,[  3   2   1  98  76 157 339 138 154  85]
21188,[  3   2   1  98  76 157 339 138 154  85]
73585,[  3   2   1  98  76 157 339 138 154  85]
78445,[  3   2   1  98  76 157 339 138 154  85]
93977,[  3   2   1  98  76 157 339 138 154  85]
8642,[  3   2   1  98  76 157 339 138 154  85]
6328,[  3   2   1  98  18  76  32  45 157  85]
10296,[  3   2   1  98  76 157 339 138 154  85]
12332,[  3   2   1  98  76 157 339 138 154  85]
42555,[  3   2   1  98  76 157 339 138 154  85]
70805,[  3   2   1  98  76 157 339 138 154  85]
81948,[  3   2   1  98  76 157 339 138 154  85]
36001,[  3   2   1  98  76 157 339 138 154  85]
90216,[  3   2   1  98  76 157 339 138 154  85]
42074,[  3   2   1  98  76 157 339 138 154  85]
59225,[  3   2   1  98  76 157 339 138 154  85]
62926,[  3   2   1  98  76 157 339 138 154  85]
14134,[  3   2   1  98  76 157 339 138 154  85]
56886,[  3   2   1  98  76 157 339 138 154  85]
3277,[  3   2   1  98  18  76  32  45 157  85]
29521,[  3   2   1  98  76 157 339 138 154  85]
38,[  3   2   1  98 138  76 488 155  85 339]
52329,[  3   2   1  98  76 157 339 138 154  85]
59145,[  3   2   1  98  76 157 339 138 154  85]
23710,[  3   2   1  98  76 157 339 138 154  85]
55822,[  3   2   1  98  76 157 339 138 154  85]
49778,[  3   2   1  98  76 157 339 138 154  85]
12015,[  3   2   1  98  76 157 339 138 154  85]
7319,[  3   2   1  98  18  76  32  45 157  85]
63860,[  3   2   1  98  76 157 339 138 154  85]
35322,[  3   2   1  98  76 157 339 138 154  85]
86721,[  3   2   1  98  76 157 339 138 154  85]
5649,[  3   2   1  98  18  76  32  45 157  85]
20325,[  3   2   1  98  76 157 339 138 154  85]
50313,[  3   2   1  98  76 157 339 138 154  85]
30176,[  3   2   1  98  76 157 339 138 154  85]
62577,[  3   2   1  98  76 157 339 138 154  85]
59123,[  3   2   1  98  76 157 339 138 154  85]
37730,[  3   2   1  98  76 157 339 138 154  85]
50024,[  3   2   1  98  76 157 339 138 154  85]
38522,[  3   2   1  98  76 157 339 138 154  85]
77107,[  3   2   1  98  76 157 339 138 154  85]
12561,[  3   2   1  98  76 157 339 138 154  85]
67780,[  3   2   1  98  76 157 339 138 154  85]
21736,[  3   2   1  98  76 157 339 138 154  85]
10470,[  3   2   1  98  76 157 339 138 154  85]
45709,[  3   2   1  98  76 157 339 138 154  85]
34803,[  3   2   1  98  76 157 339 138 154  85]
44815,[  3   2   1  98  76 157 339 138 154  85]
76863,[  3   2   1  98  76 157 339 138 154  85]
60537,[  3   2   1  98  76 157 339 138 154  85]
67001,[  3   2   1  98  76 157 339 138 154  85]
74291,[  3   2   1  98  76 157 339 138 154  85]
28008,[  3   2   1  98  76 157 339 138 154  85]
26601,[  3   2   1  98  76 157 339 138 154  85]
58106,[  3   2   1  98  76 157 339 138 154  85]
27883,[  3   2   1  98  76 157 339 138 154  85]
75074,[  3   2   1  98  76 157 339 138 154  85]
52494,[  3   2   1  98  76 157 339 138 154  85]
37893,[  3   2   1  98  76 157 339 138 154  85]
35614,[  3   2   1  98  76 157 339 138 154  85]
95776,[  3   2   1  98  76 157 339 138 154  85]
96947,[  3   2   1  98  76 157 339 138 154  85]
28171,[  3   2   1  98  76 157 339 138 154  85]
52639,[  3   2   1  98  76 157 339 138 154  85]
86225,[  3   2   1  98  76 157 339 138 154  85]
50461,[  3   2   1  98  76 157 339 138 154  85]
92625,[  3   2   1  98  76 157 339 138 154  85]
73183,[  3   2   1  98  76 157 339 138 154  85]
50076,[  3   2   1  98  76 157 339 138 154  85]
35052,[  3   2   1  98  76 157 339 138 154  85]
50458,[  3   2   1  98  76 157 339 138 154  85]
12024,[  3   2   1  98  76 157 339 138 154  85]
1154,[  3   2   1  98 138  76 339 154 488 155]
8581,[  3   2   1  98  18  76  32  45 157  85]
45335,[  3   2   1  98  76 157 339 138 154  85]
257,[  3   2   1  98 138  76 488 155  85 339]
12665,[  3   2   1  98  76 157 339 138 154  85]
84521,[  3   2   1  98  76 157 339 138 154  85]
65824,[  3   2   1  98  76 157 339 138 154  85]
77474,[  3   2   1  98  76 157 339 138 154  85]
1273,[  3   2   1  98 138  76 339 154 488 155]
35688,[  3   2   1  98  76 157 339 138 154  85]
92582,[  3   2   1  98  76 157 339 138 154  85]
79063,[  3   2   1  98  76 157 339 138 154  85]
65005,[  3   2   1  98  76 157 339 138 154  85]
26240,[  3   2   1  98  76 157 339 138 154  85]
26238,[  3   2   1  98  76 157 339 138 154  85]
35997,[  3   2   1  98  76 157 339 138 154  85]
97316,[  3   2   1  98  76 157 339 138 154  85]
10737,[  3   2   1  98  76 157 339 138 154  85]
11505,[  3   2   1  98  76 157 339 138 154  85]
26107,[  3   2   1  98  76 157 339 138 154  85]
22400,[  3   2   1  98  76 157 339 138 154  85]
72105,[  3   2   1  98  76 157 339 138 154  85]
74577,[  3   2   1  98  76 157 339 138 154  85]
1289,[  3   2   1  98 138  76 339 154 488 155]
14323,[  3   2   1  98  76 157 339 138 154  85]
42013,[  3   2   1  98  76 157 339 138 154  85]
17278,[  3   2   1  98  76 157 339 138 154  85]
83785,[  3   2   1  98  76 157 339 138 154  85]
93628,[  3   2   1  98  76 157 339 138 154  85]
92300,[  3   2   1  98  76 157 339 138 154  85]
12058,[  3   2   1  98  76 157 339 138 154  85]
15783,[  3   2   1  98  76 157 339 138 154  85]
4002,[  3   2   1  98  18  76  32  45 157  85]
670,[  3   2   1  98 339  76 138 157 154  85]
25617,[  3   2   1  98  76 157 339 138 154  85]
55749,[  3   2   1  98  76 157 339 138 154  85]
21332,[  3   2   1  98  76 157 339 138 154  85]
56763,[  3   2   1  98  76 157 339 138 154  85]
53822,[  3   2   1  98  76 157 339 138 154  85]
86408,[  3   2   1  98  76 157 339 138 154  85]
30992,[  3   2   1  98  76 157 339 138 154  85]
7130,[  3   2   1  98  18  76  32  45 157  85]
62402,[  3   2   1  98  76 157 339 138 154  85]
60864,[  3   2   1  98  76 157 339 138 154  85]
35658,[  3   2   1  98  76 157 339 138 154  85]
68543,[  3   2   1  98  76 157 339 138 154  85]
48283,[  3   2   1  98  76 157 339 138 154  85]
17787,[  3   2   1  98  76 157 339 138 154  85]
10377,[  3   2   1  98  76 157 339 138 154  85]
4061,[  3   2   1  98  18  76  32  45 157  85]
86950,[  3   2   1  98  76 157 339 138 154  85]
47791,[  3   2   1  98  76 157 339 138 154  85]
84479,[  3   2   1  98  76 157 339 138 154  85]
68138,[  3   2   1  98  76 157 339 138 154  85]
62911,[  3   2   1  98  76 157 339 138 154  85]
4938,[  3   2   1  98  18  76  32  45 157  85]
68377,[  3   2   1  98  76 157 339 138 154  85]
33946,[  3   2   1  98  76 157 339 138 154  85]
30024,[  3   2   1  98  76 157 339 138 154  85]
3399,[  3   2   1  98  18  76  32  45 157  85]
58532,[  3   2   1  98  76 157 339 138 154  85]
39270,[  3   2   1  98  76 157 339 138 154  85]
86432,[  3   2   1  98  76 157 339 138 154  85]
4906,[  3   2   1  98  18  76  32  45 157  85]
60668,[  3   2   1  98  76 157 339 138 154  85]
15183,[  3   2   1  98  76 157 339 138 154  85]
41788,[  3   2   1  98  76 157 339 138 154  85]
53258,[  3   2   1  98  76 157 339 138 154  85]
93730,[  3   2   1  98  76 157 339 138 154  85]
42267,[  3   2   1  98  76 157 339 138 154  85]
26054,[  3   2   1  98  76 157 339 138 154  85]
70399,[  3   2   1  98  76 157 339 138 154  85]
80634,[  3   2   1  98  76 157 339 138 154  85]
97679,[  3   2   1  98  76 157 339 138 154  85]
34144,[  3   2   1  98  76 157 339 138 154  85]
16519,[  3   2   1  98  76 157 339 138 154  85]
53355,[  3   2   1  98  76 157 339 138 154  85]
54932,[  3   2   1  98  76 157 339 138 154  85]
66001,[  3   2   1  98  76 157 339 138 154  85]
73261,[  3   2   1  98  76 157 339 138 154  85]
81682,[  3   2   1  98  76 157 339 138 154  85]
26053,[  3   2   1  98  76 157 339 138 154  85]
44532,[  3   2   1  98  76 157 339 138 154  85]
29511,[  3   2   1  98  76 157 339 138 154  85]
44696,[  3   2   1  98  76 157 339 138 154  85]
19067,[  3   2   1  98  76 157 339 138 154  85]
96152,[  3   2   1  98  76 157 339 138 154  85]
40995,[  3   2   1  98  76 157 339 138 154  85]
15858,[  3   2   1  98  76 157 339 138 154  85]
32973,[  3   2   1  98  76 157 339 138 154  85]
27896,[  3   2   1  98  76 157 339 138 154  85]
38743,[  3   2   1  98  76 157 339 138 154  85]
90133,[  3   2   1  98  76 157 339 138 154  85]
67619,[  3   2   1  98  76 157 339 138 154  85]
35565,[  3   2   1  98  76 157 339 138 154  85]
33940,[  3   2   1  98  76 157 339 138 154  85]
64349,[  3   2   1  98  76 157 339 138 154  85]
76161,[  3   2   1  98  76 157 339 138 154  85]
23816,[  3   2   1  98  76 157 339 138 154  85]
29325,[  3   2   1  98  76 157 339 138 154  85]
34503,[  3   2   1  98  76 157 339 138 154  85]
32754,[  3   2   1  98  76 157 339 138 154  85]
50777,[  3   2   1  98  76 157 339 138 154  85]
89970,[  3   2   1  98  76 157 339 138 154  85]
69148,[  3   2   1  98  76 157 339 138 154  85]
93011,[  3   2   1  98  76 157 339 138 154  85]
89122,[  3   2   1  98  76 157 339 138 154  85]
27148,[  3   2   1  98  76 157 339 138 154  85]
41685,[  3   2   1  98  76 157 339 138 154  85]
58786,[  3   2   1  98  76 157 339 138 154  85]
76901,[  3   2   1  98  76 157 339 138 154  85]
6588,[  3   2   1  98  18  76  32  45 157  85]
46486,[  3   2   1  98  76 157 339 138 154  85]
74596,[  3   2   1  98  76 157 339 138 154  85]
17271,[  3   2   1  98  76 157 339 138 154  85]
50151,[  3   2   1  98  76 157 339 138 154  85]
53925,[  3   2   1  98  76 157 339 138 154  85]
61218,[  3   2   1  98  76 157 339 138 154  85]
83603,[  3   2   1  98  76 157 339 138 154  85]
31882,[  3   2   1  98  76 157 339 138 154  85]
1403,[  3   2   1  98 138  76 339 154 488 155]
6917,[  3   2   1  98  18  76  32  45 157  85]
77878,[  3   2   1  98  76 157 339 138 154  85]
9793,[  3   2   1  98  18  76  32  45 157  85]
48821,[  3   2   1  98  76 157 339 138 154  85]
68836,[  3   2   1  98  76 157 339 138 154  85]
83855,[  3   2   1  98  76 157 339 138 154  85]
66345,[  3   2   1  98  76 157 339 138 154  85]
29319,[  3   2   1  98  76 157 339 138 154  85]
52462,[  3   2   1  98  76 157 339 138 154  85]
14143,[  3   2   1  98  76 157 339 138 154  85]
83820,[  3   2   1  98  76 157 339 138 154  85]
11634,[  3   2   1  98  76 157 339 138 154  85]
14146,[  3   2   1  98  76 157 339 138 154  85]
67159,[  3   2   1  98  76 157 339 138 154  85]
5749,[  3   2   1  98  18  76  32  45 157  85]
37226,[  3   2   1  98  76 157 339 138 154  85]
27253,[  3   2   1  98  76 157 339 138 154  85]
26757,[  3   2   1  98  76 157 339 138 154  85]
83537,[  3   2   1  98  76 157 339 138 154  85]
85712,[  3   2   1  98  76 157 339 138 154  85]
48460,[  3   2   1  98  76 157 339 138 154  85]
9214,[  3   2   1  98  18  76  32  45 157  85]
81821,[  3   2   1  98  76 157 339 138 154  85]
37297,[  3   2   1  98  76 157 339 138 154  85]
69384,[  3   2   1  98  76 157 339 138 154  85]
63137,[  3   2   1  98  76 157 339 138 154  85]
46720,[  3   2   1  98  76 157 339 138 154  85]
51844,[  3   2   1  98  76 157 339 138 154  85]
9390,[  3   2   1  98  18  76  32  45 157  85]
31590,[  3   2   1  98  76 157 339 138 154  85]
67253,[  3   2   1  98  76 157 339 138 154  85]
34751,[  3   2   1  98  76 157 339 138 154  85]
12488,[  3   2   1  98  76 157 339 138 154  85]
49033,[  3   2   1  98  76 157 339 138 154  85]
10479,[  3   2   1  98  18  76  32  45 157  85]
43392,[  3   2   1  98  76 157 339 138 154  85]
78955,[  3   2   1  98  76 157 339 138 154  85]
32411,[  3   2   1  98  76 157 339 138 154  85]
60801,[  3   2   1  98  76 157 339 138 154  85]
65141,[  3   2   1  98  76 157 339 138 154  85]
94542,[  3   2   1  98  76 157 339 138 154  85]
69361,[  3   2   1  98  76 157 339 138 154  85]
37513,[  3   2   1  98  76 157 339 138 154  85]
85045,[  3   2   1  98  76 157 339 138 154  85]
5021,[  3   2   1  98  18  76  32  45 157  85]
79096,[  3   2   1  98  76 157 339 138 154  85]
50043,[  3   2   1  98  76 157 339 138 154  85]
34296,[  3   2   1  98  76 157 339 138 154  85]
66494,[  3   2   1  98  76 157 339 138 154  85]
465,[  3   2   1  98 138  76 488 155  85 339]
92357,[  3   2   1  98  76 157 339 138 154  85]
12512,[  3   2   1  98  76 157 339 138 154  85]
15586,[  3   2   1  98  76 157 339 138 154  85]
97888,[  3   2   1  98  76 157 339 138 154  85]
4817,[  3   2   1  98  18  76  32  45 157  85]
10154,[  3   2   1  98  18  76  32  45 157  85]
20772,[  3   2   1  98  76 157 339 138 154  85]
42938,[  3   2   1  98  76 157 339 138 154  85]
24812,[  3   2   1  98  76 157 339 138 154  85]
281,[  3   2   1  98 138  76 488 155  85 339]
49137,[  3   2   1  98  76 157 339 138 154  85]
48394,[  3   2   1  98  76 157 339 138 154  85]
19486,[  3   2   1  98  76 157 339 138 154  85]
86323,[  3   2   1  98  76 157 339 138 154  85]
78345,[  3   2   1  98  76 157 339 138 154  85]
9172,[  3   2   1  98  18  76  32  45 157  85]
29754,[  3   2   1  98  76 157 339 138 154  85]
62467,[  3   2   1  98  76 157 339 138 154  85]
42180,[  3   2   1  98  76 157 339 138 154  85]
70764,[  3   2   1  98  76 157 339 138 154  85]
35717,[  3   2   1  98  76 157 339 138 154  85]
89845,[  3   2   1  98  76 157 339 138 154  85]
44894,[  3   2   1  98  76 157 339 138 154  85]
77498,[  3   2   1  98  76 157 339 138 154  85]
28128,[  3   2   1  98  76 157 339 138 154  85]
57982,[  3   2   1  98  76 157 339 138 154  85]
83001,[  3   2   1  98  76 157 339 138 154  85]
83610,[  3   2   1  98  76 157 339 138 154  85]
14437,[  3   2   1  98  76 157 339 138 154  85]
24674,[  3   2   1  98  76 157 339 138 154  85]
62124,[  3   2   1  98  76 157 339 138 154  85]
57615,[  3   2   1  98  76 157 339 138 154  85]
73910,[  3   2   1  98  76 157 339 138 154  85]
85067,[  3   2   1  98  76 157 339 138 154  85]
95154,[  3   2   1  98  76 157 339 138 154  85]
15387,[  3   2   1  98  76 157 339 138 154  85]
12951,[  3   2   1  98  76 157 339 138 154  85]
81291,[  3   2   1  98  76 157 339 138 154  85]
77309,[  3   2   1  98  76 157 339 138 154  85]
79431,[  3   2   1  98  76 157 339 138 154  85]
69042,[  3   2   1  98  76 157 339 138 154  85]
57456,[  3   2   1  98  76 157 339 138 154  85]
40707,[  3   2   1  98  76 157 339 138 154  85]
8374,[  3   2   1  98  18  76  32  45 157  85]
18019,[  3   2   1  98  76 157 339 138 154  85]
28607,[  3   2   1  98  76 157 339 138 154  85]
65012,[  3   2   1  98  76 157 339 138 154  85]
69942,[  3   2   1  98  76 157 339 138 154  85]
77801,[  3   2   1  98  76 157 339 138 154  85]
80059,[  3   2   1  98  76 157 339 138 154  85]
45821,[  3   2   1  98  76 157 339 138 154  85]
65937,[  3   2   1  98  76 157 339 138 154  85]
29869,[  3   2   1  98  76 157 339 138 154  85]
72733,[  3   2   1  98  76 157 339 138 154  85]
19502,[  3   2   1  98  76 157 339 138 154  85]
52898,[  3   2   1  98  76 157 339 138 154  85]
42673,[  3   2   1  98  76 157 339 138 154  85]
40471,[  3   2   1  98  76 157 339 138 154  85]
79911,[  3   2   1  98  76 157 339 138 154  85]
86929,[  3   2   1  98  76 157 339 138 154  85]
53665,[  3   2   1  98  76 157 339 138 154  85]
51101,[  3   2   1  98  76 157 339 138 154  85]
91143,[  3   2   1  98  76 157 339 138 154  85]
88582,[  3   2   1  98  76 157 339 138 154  85]
42664,[  3   2   1  98  76 157 339 138 154  85]
35898,[  3   2   1  98  76 157 339 138 154  85]
13700,[  3   2   1  98  76 157 339 138 154  85]
80650,[  3   2   1  98  76 157 339 138 154  85]
23689,[  3   2   1  98  76 157 339 138 154  85]
24608,[  3   2   1  98  76 157 339 138 154  85]
95376,[  3   2   1  98  76 157 339 138 154  85]
77080,[  3   2   1  98  76 157 339 138 154  85]
41776,[  3   2   1  98  76 157 339 138 154  85]
68767,[  3   2   1  98  76 157 339 138 154  85]
53309,[  3   2   1  98  76 157 339 138 154  85]
21422,[  3   2   1  98  76 157 339 138 154  85]
24208,[  3   2   1  98  76 157 339 138 154  85]
7937,[  3   2   1  98  18  76  32  45 157  85]
92078,[  3   2   1  98  76 157 339 138 154  85]
72454,[  3   2   1  98  76 157 339 138 154  85]
91446,[  3   2   1  98  76 157 339 138 154  85]
47242,[  3   2   1  98  76 157 339 138 154  85]
30350,[  3   2   1  98  76 157 339 138 154  85]
7064,[  3   2   1  98  18  76  32  45 157  85]
77443,[  3   2   1  98  76 157 339 138 154  85]
43054,[  3   2   1  98  76 157 339 138 154  85]
39939,[  3   2   1  98  76 157 339 138 154  85]
84999,[  3   2   1  98  76 157 339 138 154  85]
92222,[  3   2   1  98  76 157 339 138 154  85]
2083,[  3   2   1  98 138  76 339 154 488 155]
78393,[  3   2   1  98  76 157 339 138 154  85]
66475,[  3   2   1  98  76 157 339 138 154  85]
56492,[  3   2   1  98  76 157 339 138 154  85]
76465,[  3   2   1  98  76 157 339 138 154  85]
98433,[  3   2   1  98  76 157 339 138 154  85]
20894,[  3   2   1  98  76 157 339 138 154  85]
53655,[  3   2   1  98  76 157 339 138 154  85]
27520,[  3   2   1  98  76 157 339 138 154  85]
90687,[  3   2   1  98  76 157 339 138 154  85]
86684,[  3   2   1  98  76 157 339 138 154  85]
77352,[  3   2   1  98  76 157 339 138 154  85]
22589,[  3   2   1  98  76 157 339 138 154  85]
76811,[  3   2   1  98  76 157 339 138 154  85]
12077,[  3   2   1  98  18  76  32  45 157  85]
67346,[  3   2   1  98  76 157 339 138 154  85]
4240,[  3   2   1  98  18  76  32  45 157  85]
91801,[  3   2   1  98  76 157 339 138 154  85]
56714,[  3   2   1  98  76 157 339 138 154  85]
41761,[  3   2   1  98  76 157 339 138 154  85]
27454,[  3   2   1  98  76 157 339 138 154  85]
64526,[  3   2   1  98  76 157 339 138 154  85]
44348,[  3   2   1  98  76 157 339 138 154  85]
63531,[  3   2   1  98  76 157 339 138 154  85]
92441,[  3   2   1  98  76 157 339 138 154  85]
59581,[  3   2   1  98  76 157 339 138 154  85]
22825,[  3   2   1  98  76 157 339 138 154  85]
16432,[  3   2   1  98  76 157 339 138 154  85]
95418,[  3   2   1  98  76 157 339 138 154  85]
54288,[  3   2   1  98  76 157 339 138 154  85]
3591,[  3   2   1  98  18  76  32  45 157  85]
4513,[  3   2   1  98  18  76  32  45 157  85]
14012,[  3   2   1  98  76 157 339 138 154  85]
16129,[  3   2   1  98  76 157 339 138 154  85]
9790,[  3   2   1  98  18  76  32  45 157  85]
83727,[  3   2   1  98  76 157 339 138 154  85]
81792,[  3   2   1  98  76 157 339 138 154  85]
66104,[  3   2   1  98  76 157 339 138 154  85]
38704,[  3   2   1  98  76 157 339 138 154  85]
27319,[  3   2   1  98  76 157 339 138 154  85]
22295,[  3   2   1  98  76 157 339 138 154  85]
27027,[  3   2   1  98  76 157 339 138 154  85]
33194,[  3   2   1  98  76 157 339 138 154  85]
8339,[  3   2   1  98  18  76  32  45 157  85]
92836,[  3   2   1  98  76 157 339 138 154  85]
42541,[  3   2   1  98  76 157 339 138 154  85]
50615,[  3   2   1  98  76 157 339 138 154  85]
94999,[  3   2   1  98  76 157 339 138 154  85]
61370,[  3   2   1  98  76 157 339 138 154  85]
2360,[  3   2   1  98 138  76 339 154 488 155]
47406,[  3   2   1  98  76 157 339 138 154  85]
57524,[  3   2   1  98  76 157 339 138 154  85]
64769,[  3   2   1  98  76 157 339 138 154  85]
78131,[  3   2   1  98  76 157 339 138 154  85]
84899,[  3   2   1  98  76 157 339 138 154  85]
76331,[  3   2   1  98  76 157 339 138 154  85]
77862,[  3   2   1  98  76 157 339 138 154  85]
46377,[  3   2   1  98  76 157 339 138 154  85]
24276,[  3   2   1  98  76 157 339 138 154  85]
71677,[  3   2   1  98  76 157 339 138 154  85]
75643,[  3   2   1  98  76 157 339 138 154  85]
5981,[  3   2   1  98  18  76  32  45 157  85]
34909,[  3   2   1  98  76 157 339 138 154  85]
14041,[  3   2   1  98  76 157 339 138 154  85]
98684,[  3   2   1  98  76 157 339 138 154  85]
6142,[  3   2   1  98  18  76  32  45 157  85]
52678,[  3   2   1  98  76 157 339 138 154  85]
84711,[  3   2   1  98  76 157 339 138 154  85]
53719,[  3   2   1  98  76 157 339 138 154  85]
22100,[  3   2   1  98  76 157 339 138 154  85]
68863,[  3   2   1  98  76 157 339 138 154  85]
9462,[  3   2   1  98  18  76  32  45 157  85]
61264,[  3   2   1  98  76 157 339 138 154  85]
75769,[  3   2   1  98  76 157 339 138 154  85]
12120,[  3   2   1  98  18  76  32  45 157  85]
56912,[  3   2   1  98  76 157 339 138 154  85]
47607,[  3   2   1  98  76 157 339 138 154  85]
92255,[  3   2   1  98  76 157 339 138 154  85]
34650,[  3   2   1  98  76 157 339 138 154  85]
42961,[  3   2   1  98  76 157 339 138 154  85]
10858,[  3   2   1  98  18  76  32  45 157  85]
41554,[  3   2   1  98  76 157 339 138 154  85]
70628,[  3   2   1  98  76 157 339 138 154  85]
6125,[  3   2   1  98  18  76  32  45 157  85]
14415,[  3   2   1  98  76 157 339 138 154  85]
87767,[  3   2   1  98  76 157 339 138 154  85]
17400,[  3   2   1  98  76 157 339 138 154  85]
21353,[  3   2   1  98  76 157 339 138 154  85]
7008,[  3   2   1  98  18  76  32  45 157  85]
33650,[  3   2   1  98  76 157 339 138 154  85]
74453,[  3   2   1  98  76 157 339 138 154  85]
3424,[  3   2   1  98  18  76  32  45 157  85]
56042,[  3   2   1  98  76 157 339 138 154  85]
7523,[  3   2   1  98  18  76  32  45 157  85]
92515,[  3   2   1  98  76 157 339 138 154  85]
11646,[  3   2   1  98  18  76  32  45 157  85]
45779,[  3   2   1  98  76 157 339 138 154  85]
43981,[  3   2   1  98  76 157 339 138 154  85]
3928,[  3   2   1  98  18  76  32  45 157  85]
52938,[  3   2   1  98  76 157 339 138 154  85]
68566,[  3   2   1  98  76 157 339 138 154  85]
23762,[  3   2   1  98  76 157 339 138 154  85]
59716,[  3   2   1  98  76 157 339 138 154  85]
54850,[  3   2   1  98  76 157 339 138 154  85]
33125,[  3   2   1  98  76 157 339 138 154  85]
10589,[  3   2   1  98  18  76  32  45 157  85]
7646,[  3   2   1  98  18  76  32  45 157  85]
7894,[  3   2   1  98  18  76  32  45 157  85]
42945,[  3   2   1  98  76 157 339 138 154  85]
26489,[  3   2   1  98  76 157 339 138 154  85]
37828,[  3   2   1  98  76 157 339 138 154  85]
68727,[  3   2   1  98  76 157 339 138 154  85]
3287,[  3   2   1  98 138  76 339 154 157 155]
30168,[  3   2   1  98  76 157 339 138 154  85]
11487,[  3   2   1  98  18  76  32  45 157  85]
12412,[  3   2   1  98  18  76  32  45 157  85]
52683,[  3   2   1  98  76 157 339 138 154  85]
62058,[  3   2   1  98  76 157 339 138 154  85]
23254,[  3   2   1  98  76 157 339 138 154  85]
91223,[  3   2   1  98  76 157 339 138 154  85]
71248,[  3   2   1  98  76 157 339 138 154  85]
4191,[  3   2   1  98  18  76  32  45 157  85]
89591,[  3   2   1  98  76 157 339 138 154  85]
90455,[  3   2   1  98  76 157 339 138 154  85]
66928,[  3   2   1  98  76 157 339 138 154  85]
33507,[  3   2   1  98  76 157 339 138 154  85]
87409,[  3   2   1  98  76 157 339 138 154  85]
98303,[  3   2   1  98  76 157 339 138 154  85]
57034,[  3   2   1  98  76 157 339 138 154  85]
76535,[  3   2   1  98  76 157 339 138 154  85]
75985,[  3   2   1  98  76 157 339 138 154  85]
5112,[  3   2   1  98  18  76  32  45 157  85]
97533,[  3   2   1  98  76 157 339 138 154  85]
47985,[  3   2   1  98  76 157 339 138 154  85]
2172,[  3   2   1  98 138  76 339 154 488 155]
8645,[  3   2   1  98  18  76  32  45 157  85]
35921,[  3   2   1  98  76 157 339 138 154  85]
67294,[  3   2   1  98  76 157 339 138 154  85]
63837,[  3   2   1  98  76 157 339 138 154  85]
29005,[  3   2   1  98  76 157 339 138 154  85]
17252,[  3   2   1  98  76 157 339 138 154  85]
38482,[  3   2   1  98  76 157 339 138 154  85]
9833,[  3   2   1  98  18  76  32  45 157  85]
11241,[  3   2   1  98  18  76  32  45 157  85]
7017,[  3   2   1  98  18  76  32  45 157  85]
20966,[  3   2   1  98  76 157 339 138 154  85]
74446,[  3   2   1  98  76 157 339 138 154  85]
57932,[  3   2   1  98  76 157 339 138 154  85]
86536,[  3   2   1  98  76 157 339 138 154  85]
98004,[  3   2   1  98  76 157 339 138 154  85]
73214,[  3   2   1  98  76 157 339 138 154  85]
2748,[  3   2   1  98 138  76 339 154 157 155]
45625,[  3   2   1  98  76 157 339 138 154  85]
10120,[  3   2   1  98  18  76  32  45 157  85]
19755,[  3   2   1  98  76 157 339 138 154  85]
98017,[  3   2   1  98  76 157 339 138 154  85]
15143,[  3   2   1  98  76 157 339 138 154  85]
53873,[  3   2   1  98  76 157 339 138 154  85]
48923,[  3   2   1  98  76 157 339 138 154  85]
18806,[  3   2   1  98  76 157 339 138 154  85]
86316,[  3   2   1  98  76 157 339 138 154  85]
84442,[  3   2   1  98  76 157 339 138 154  85]
62499,[  3   2   1  98  76 157 339 138 154  85]
35962,[  3   2   1  98  76 157 339 138 154  85]
44506,[  3   2   1  98  76 157 339 138 154  85]
82499,[  3   2   1  98  76 157 339 138 154  85]
16725,[  3   2   1  98  76 157 339 138 154  85]
53464,[  3   2   1  98  76 157 339 138 154  85]
83334,[  3   2   1  98  76 157 339 138 154  85]
10325,[  3   2   1  98  18  76  32  45 157  85]
33131,[  3   2   1  98  76 157 339 138 154  85]
53865,[  3   2   1  98  76 157 339 138 154  85]
16038,[  3   2   1  98  76 157 339 138 154  85]
71295,[  3   2   1  98  76 157 339 138 154  85]
91588,[  3   2   1  98  76 157 339 138 154  85]
76121,[  3   2   1  98  76 157 339 138 154  85]
82109,[  3   2   1  98  76 157 339 138 154  85]
91984,[  3   2   1  98  76 157 339 138 154  85]
90290,[  3   2   1  98  76 157 339 138 154  85]
1340,[  3   2   1  98 339  76 138 157 154  85]
36046,[  3   2   1  98  76 157 339 138 154  85]
42712,[  3   2   1  98  76 157 339 138 154  85]
93649,[  3   2   1  98  76 157 339 138 154  85]
44836,[  3   2   1  98  76 157 339 138 154  85]
81913,[  3   2   1  98  76 157 339 138 154  85]
94563,[  3   2   1  98  76 157 339 138 154  85]
13698,[  3   2   1  98  18  76  32  45 157  85]
71548,[  3   2   1  98  76 157 339 138 154  85]
41943,[  3   2   1  98  76 157 339 138 154  85]
13131,[  3   2   1  98  18  76  32  45 157  85]
50758,[  3   2   1  98  76 157 339 138 154  85]
66469,[  3   2   1  98  76 157 339 138 154  85]
85495,[  3   2   1  98  76 157 339 138 154  85]
73491,[  3   2   1  98  76 157 339 138 154  85]
19981,[  3   2   1  98  76 157 339 138 154  85]
70240,[  3   2   1  98  76 157 339 138 154  85]
62254,[  3   2   1  98  76 157 339 138 154  85]
80603,[  3   2   1  98  76 157 339 138 154  85]
69301,[  3   2   1  98  76 157 339 138 154  85]
77364,[  3   2   1  98  76 157 339 138 154  85]
45128,[  3   2   1  98  76 157 339 138 154  85]
59693,[  3   2   1  98  76 157 339 138 154  85]
4975,[  3   2   1  98  18  76  32  45 157  85]
45316,[  3   2   1  98  76 157 339 138 154  85]
90385,[  3   2   1  98  76 157 339 138 154  85]
17880,[  3   2   1  98  76 157 339 138 154  85]
18403,[  3   2   1  98  76 157 339 138 154  85]
33089,[  3   2   1  98  76 157 339 138 154  85]
30212,[  3   2   1  98  76 157 339 138 154  85]
1470,[  3   2   1  98 339  76 138 157 154  85]
17197,[  3   2   1  98  76 157 339 138 154  85]
39353,[  3   2   1  98  76 157 339 138 154  85]
12588,[  3   2   1  98  18  76  32  45 157  85]
13880,[  3   2   1  98  18  76  32  45 157  85]
18176,[  3   2   1  98  76 157 339 138 154  85]
4341,[  3   2   1  98  18  76  32  45 157  85]
97926,[  3   2   1  98  76 157 339 138 154  85]
59460,[  3   2   1  98  76 157 339 138 154  85]
89749,[  3   2   1  98  76 157 339 138 154  85]
61588,[  3   2   1  98  76 157 339 138 154  85]
98375,[  3   2   1  98  76 157 339 138 154  85]
39066,[  3   2   1  98  76 157 339 138 154  85]
57359,[  3   2   1  98  76 157 339 138 154  85]
58043,[  3   2   1  98  76 157 339 138 154  85]
12240,[  3   2   1  98  18  76  32  45 157  85]
61847,[  3   2   1  98  76 157 339 138 154  85]
32761,[  3   2   1  98  76 157 339 138 154  85]
14767,[  3   2   1  98  18  76  32  45 157  85]
62430,[  3   2   1  98  76 157 339 138 154  85]
7541,[  3   2   1  98  18  76  32  45 157  85]
87036,[  3   2   1  98  76 157 339 138 154  85]
35971,[  3   2   1  98  76 157 339 138 154  85]
34300,[  3   2   1  98  76 157 339 138 154  85]
64969,[  3   2   1  98  76 157 339 138 154  85]
44394,[  3   2   1  98  76 157 339 138 154  85]
13985,[  3   2   1  98  18  76  32  45 157  85]
51891,[  3   2   1  98  76 157 339 138 154  85]
47154,[  3   2   1  98  76 157 339 138 154  85]
44238,[  3   2   1  98  76 157 339 138 154  85]
49505,[  3   2   1  98  76 157 339 138 154  85]
93990,[  3   2   1  98  76 157 339 138 154  85]
26486,[  3   2   1  98  76 157 339 138 154  85]
72704,[  3   2   1  98  76 157 339 138 154  85]
3373,[  3   2   1  98 138  76 339 154 157 155]
1324,[  3   2   1  98 339  76 138 157 154  85]
33276,[  3   2   1  98  76 157 339 138 154  85]
94581,[  3   2   1  98  76 157 339 138 154  85]
77009,[  3   2   1  98  76 157 339 138 154  85]
75271,[  3   2   1  98  76 157 339 138 154  85]
90368,[  3   2   1  98  76 157 339 138 154  85]
89608,[  3   2   1  98  76 157 339 138 154  85]
74532,[  3   2   1  98  76 157 339 138 154  85]
63948,[  3   2   1  98  76 157 339 138 154  85]
46562,[  3   2   1  98  76 157 339 138 154  85]
94986,[  3   2   1  98  76 157 339 138 154  85]
68490,[  3   2   1  98  76 157 339 138 154  85]
88145,[  3   2   1  98  76 157 339 138 154  85]
5893,[  3   2   1  98  18  76  32  45 157  85]
35408,[  3   2   1  98  76 157 339 138 154  85]
56520,[  3   2   1  98  76 157 339 138 154  85]
83759,[  3   2   1  98  76 157 339 138 154  85]
69291,[  3   2   1  98  76 157 339 138 154  85]
40249,[  3   2   1  98  76 157 339 138 154  85]
80358,[  3   2   1  98  76 157 339 138 154  85]
71589,[  3   2   1  98  76 157 339 138 154  85]
9469,[  3   2   1  98  18  76  32  45 157  85]
5919,[  3   2   1  98  18  76  32  45 157  85]
71292,[  3   2   1  98  76 157 339 138 154  85]
85403,[  3   2   1  98  76 157 339 138 154  85]
67758,[  3   2   1  98  76 157 339 138 154  85]
32936,[  3   2   1  98  76 157 339 138 154  85]
29419,[  3   2   1  98  76 157 339 138 154  85]
55934,[  3   2   1  98  76 157 339 138 154  85]
47009,[  3   2   1  98  76 157 339 138 154  85]
40148,[  3   2   1  98  76 157 339 138 154  85]
62087,[  3   2   1  98  76 157 339 138 154  85]
13471,[  3   2   1  98  18  76  32  45 157  85]
57230,[  3   2   1  98  76 157 339 138 154  85]
31359,[  3   2   1  98  76 157 339 138 154  85]
31288,[  3   2   1  98  76 157 339 138 154  85]
73921,[  3   2   1  98  76 157 339 138 154  85]
86121,[  3   2   1  98  76 157 339 138 154  85]
8734,[  3   2   1  98  18  76  32  45 157  85]
83655,[  3   2   1  98  76 157 339 138 154  85]
38692,[  3   2   1  98  76 157 339 138 154  85]
23607,[  3   2   1  98  76 157 339 138 154  85]
93859,[  3   2   1  98  76 157 339 138 154  85]
36007,[  3   2   1  98  76 157 339 138 154  85]
32108,[  3   2   1  98  76 157 339 138 154  85]
25402,[  3   2   1  98  76 157 339 138 154  85]
77126,[  3   2   1  98  76 157 339 138 154  85]
63726,[  3   2   1  98  76 157 339 138 154  85]
61727,[  3   2   1  98  76 157 339 138 154  85]
29240,[  3   2   1  98  76 157 339 138 154  85]
64374,[  3   2   1  98  76 157 339 138 154  85]
46605,[  3   2   1  98  76 157 339 138 154  85]
32905,[  3   2   1  98  76 157 339 138 154  85]
45416,[  3   2   1  98  76 157 339 138 154  85]
11275,[  3   2   1  98  18  76  32  45 157  85]
95289,[  3   2   1  98  76 157 339 138 154  85]
9415,[  3   2   1  98  18  76  32  45 157  85]
2245,[  3   2   1  98 138  76 339 154 488 155]
71192,[  3   2   1  98  76 157 339 138 154  85]
25160,[  3   2   1  98  76 157 339 138 154  85]
4202,[  3   2   1  98  18  76  32  45 157  85]
40581,[  3   2   1  98  76 157 339 138 154  85]
52259,[  3   2   1  98  76 157 339 138 154  85]
5733,[  3   2   1  98  18  76  32  45 157  85]
28953,[  3   2   1  98  76 157 339 138 154  85]
2966,[  3   2   1  98 138  76 339 154 488 155]
93356,[  3   2   1  98  76 157 339 138 154  85]
95049,[  3   2   1  98  76 157 339 138 154  85]
76978,[  3   2   1  98  76 157 339 138 154  85]
62374,[  3   2   1  98  76 157 339 138 154  85]
84302,[  3   2   1  98  76 157 339 138 154  85]
7787,[  3   2   1  98  18  76  32  45 157  85]
26057,[  3   2   1  98  76 157 339 138 154  85]
52828,[  3   2   1  98  76 157 339 138 154  85]
29287,[  3   2   1  98  76 157 339 138 154  85]
35112,[  3   2   1  98  76 157 339 138 154  85]
385,[  3   2   1  98 138  76 488 155  85 339]
10563,[  3   2   1  98  18  76  32  45 157  85]
13800,[  3   2   1  98  18  76  32  45 157  85]
13342,[  3   2   1  98  18  76  32  45 157  85]
87276,[  3   2   1  98  76 157 339 138 154  85]
56707,[  3   2   1  98  76 157 339 138 154  85]
19996,[  3   2   1  98  76 157 339 138 154  85]
81393,[  3   2   1  98  76 157 339 138 154  85]
9271,[  3   2   1  98  18  76  32  45 157  85]
58625,[  3   2   1  98  76 157 339 138 154  85]
88374,[  3   2   1  98  76 157 339 138 154  85]
70327,[  3   2   1  98  76 157 339 138 154  85]
15209,[  3   2   1  98  18  76  32  45 157  85]
97715,[  3   2   1  98  76 157 339 138 154  85]
35501,[  3   2   1  98  76 157 339 138 154  85]
59801,[  3   2   1  98  76 157 339 138 154  85]
78354,[  3   2   1  98  76 157 339 138 154  85]
79674,[  3   2   1  98  76 157 339 138 154  85]
19915,[  3   2   1  98  76 157 339 138 154  85]
20290,[  3   2   1  98  76 157 339 138 154  85]
65572,[  3   2   1  98  76 157 339 138 154  85]
79781,[  3   2   1  98  76 157 339 138 154  85]
96484,[  3   2   1  98  76 157 339 138 154  85]
71103,[  3   2   1  98  76 157 339 138 154  85]
68399,[  3   2   1  98  76 157 339 138 154  85]
43425,[  3   2   1  98  76 157 339 138 154  85]
53647,[  3   2   1  98  76 157 339 138 154  85]
26318,[  3   2   1  98  76 157 339 138 154  85]
91118,[  3   2   1  98  76 157 339 138 154  85]
88759,[  3   2   1  98  76 157 339 138 154  85]
7240,[  3   2   1  98  18  76  32  45 157  85]
40920,[  3   2   1  98  76 157 339 138 154  85]
56232,[  3   2   1  98  76 157 339 138 154  85]
75337,[  3   2   1  98  76 157 339 138 154  85]
9060,[  3   2   1  98  18  76  32  45 157  85]
29618,[  3   2   1  98  76 157 339 138 154  85]
58365,[  3   2   1  98  76 157 339 138 154  85]
52492,[  3   2   1  98  76 157 339 138 154  85]
25017,[  3   2   1  98  76 157 339 138 154  85]
97930,[  3   2   1  98  76 157 339 138 154  85]
38886,[  3   2   1  98  76 157 339 138 154  85]
53127,[  3   2   1  98  76 157 339 138 154  85]
12251,[  3   2   1  98  18  76  32  45 157  85]
72763,[  3   2   1  98  76 157 339 138 154  85]
37005,[  3   2   1  98  76 157 339 138 154  85]
15198,[  3   2   1  98  18  76  32  45 157  85]
48611,[  3   2   1  98  76 157 339 138 154  85]
84431,[  3   2   1  98  76 157 339 138 154  85]
17839,[  3   2   1  98  76 157 339 138 154  85]
38143,[  3   2   1  98  76 157 339 138 154  85]
31402,[  3   2   1  98  76 157 339 138 154  85]
32869,[  3   2   1  98  76 157 339 138 154  85]
33522,[  3   2   1  98  76 157 339 138 154  85]
73139,[  3   2   1  98  76 157 339 138 154  85]
21635,[  3   2   1  98  76 157 339 138 154  85]
11669,[  3   2   1  98  18  76  32  45 157  85]
2675,[  3   2   1  98 138  76 339 154 488 155]
54002,[  3   2   1  98  76 157 339 138 154  85]
13657,[  3   2   1  98  18  76  32  45 157  85]
72828,[  3   2   1  98  76 157 339 138 154  85]
81152,[  3   2   1  98  76 157 339 138 154  85]
49898,[  3   2   1  98  76 157 339 138 154  85]
47329,[  3   2   1  98  76 157 339 138 154  85]
85575,[  3   2   1  98  76 157 339 138 154  85]
31746,[  3   2   1  98  76 157 339 138 154  85]
29436,[  3   2   1  98  76 157 339 138 154  85]
97213,[  3   2   1  98  76 157 339 138 154  85]
35460,[  3   2   1  98  76 157 339 138 154  85]
25733,[  3   2   1  98  76 157 339 138 154  85]
91358,[  3   2   1  98  76 157 339 138 154  85]
47600,[  3   2   1  98  76 157 339 138 154  85]
54716,[  3   2   1  98  76 157 339 138 154  85]
26706,[  3   2   1  98  76 157 339 138 154  85]
36789,[  3   2   1  98  76 157 339 138 154  85]
36041,[  3   2   1  98  76 157 339 138 154  85]
74705,[  3   2   1  98  76 157 339 138 154  85]
14048,[  3   2   1  98  18  76  32  45 157  85]
47480,[  3   2   1  98  76 157 339 138 154  85]
39811,[  3   2   1  98  76 157 339 138 154  85]
69829,[  3   2   1  98  76 157 339 138 154  85]
91443,[  3   2   1  98  76 157 339 138 154  85]
31968,[  3   2   1  98  76 157 339 138 154  85]
532,[  3   2   1  98 138  76 488 155  85 339]
92233,[  3   2   1  98  76 157 339 138 154  85]
30892,[  3   2   1  98  76 157 339 138 154  85]
12191,[  3   2   1  98  18  76  32  45 157  85]
77622,[  3   2   1  98  76 157 339 138 154  85]
75094,[  3   2   1  98  76 157 339 138 154  85]
6423,[  3   2   1  98  18  76  32  45 157  85]
78054,[  3   2   1  98  76 157 339 138 154  85]
69827,[  3   2   1  98  76 157 339 138 154  85]
72639,[  3   2   1  98  76 157 339 138 154  85]
89079,[  3   2   1  98  76 157 339 138 154  85]
61324,[  3   2   1  98  76 157 339 138 154  85]
3611,[  3   2   1  98 138  76 339 154 157 155]
85621,[  3   2   1  98  76 157 339 138 154  85]
22486,[  3   2   1  98  76 157 339 138 154  85]
96844,[  3   2   1  98  76 157 339 138 154  85]
62399,[  3   2   1  98  76 157 339 138 154  85]
12263,[  3   2   1  98  18  76  32  45 157  85]
76244,[  3   2   1  98  76 157 339 138 154  85]
64753,[  3   2   1  98  76 157 339 138 154  85]
53959,[  3   2   1  98  76 157 339 138 154  85]
86747,[  3   2   1  98  76 157 339 138 154  85]
17448,[  3   2   1  98  18  76  32  45 157  85]
65428,[  3   2   1  98  76 157 339 138 154  85]
78597,[  3   2   1  98  76 157 339 138 154  85]
73257,[  3   2   1  98  76 157 339 138 154  85]
59503,[  3   2   1  98  76 157 339 138 154  85]
84315,[  3   2   1  98  76 157 339 138 154  85]
49797,[  3   2   1  98  76 157 339 138 154  85]
43893,[  3   2   1  98  76 157 339 138 154  85]
53700,[  3   2   1  98  76 157 339 138 154  85]
32736,[  3   2   1  98  76 157 339 138 154  85]
60046,[  3   2   1  98  76 157 339 138 154  85]
82233,[  3   2   1  98  76 157 339 138 154  85]
85619,[  3   2   1  98  76 157 339 138 154  85]
16036,[  3   2   1  98  18  76  32  45 157  85]
28503,[  3   2   1  98  76 157 339 138 154  85]
57999,[  3   2   1  98  76 157 339 138 154  85]
83387,[  3   2   1  98  76 157 339 138 154  85]
2276,[  3   2   1  98 138  76 339 154 488 155]
17937,[  3   2   1  98  18  76  32  45 157  85]
86878,[  3   2   1  98  76 157 339 138 154  85]
78898,[  3   2   1  98  76 157 339 138 154  85]
70978,[  3   2   1  98  76 157 339 138 154  85]
73801,[  3   2   1  98  76 157 339 138 154  85]
90550,[  3   2   1  98  76 157 339 138 154  85]
17691,[  3   2   1  98  18  76  32  45 157  85]
62397,[  3   2   1  98  76 157 339 138 154  85]
92322,[  3   2   1  98  76 157 339 138 154  85]
30718,[  3   2   1  98  76 157 339 138 154  85]
72586,[  3   2   1  98  76 157 339 138 154  85]
73685,[  3   2   1  98  76 157 339 138 154  85]
88699,[  3   2   1  98  76 157 339 138 154  85]
16698,[  3   2   1  98  18  76  32  45 157  85]
26352,[  3   2   1  98  76 157 339 138 154  85]
56223,[  3   2   1  98  76 157 339 138 154  85]
25790,[  3   2   1  98  76 157 339 138 154  85]
23865,[  3   2   1  98  76 157 339 138 154  85]
69649,[  3   2   1  98  76 157 339 138 154  85]
20537,[  3   2   1  98  76 157 339 138 154  85]
75926,[  3   2   1  98  76 157 339 138 154  85]
53929,[  3   2   1  98  76 157 339 138 154  85]
65556,[  3   2   1  98  76 157 339 138 154  85]
86446,[  3   2   1  98  76 157 339 138 154  85]
38105,[  3   2   1  98  76 157 339 138 154  85]
57007,[  3   2   1  98  76 157 339 138 154  85]
98203,[  3   2   1  98  76 157 339 138 154  85]
49059,[  3   2   1  98  76 157 339 138 154  85]
64981,[  3   2   1  98  76 157 339 138 154  85]
67988,[  3   2   1  98  76 157 339 138 154  85]
97050,[  3   2   1  98  76 157 339 138 154  85]
13388,[  3   2   1  98  18  76  32  45 157  85]
59695,[  3   2   1  98  76 157 339 138 154  85]
24263,[  3   2   1  98  76 157 339 138 154  85]
20664,[  3   2   1  98  76 157 339 138 154  85]
18117,[  3   2   1  98  18  76  32  45 157  85]
81289,[  3   2   1  98  76 157 339 138 154  85]
82279,[  3   2   1  98  76 157 339 138 154  85]
19570,[  3   2   1  98  76 157 339 138 154  85]
97620,[  3   2   1  98  76 157 339 138 154  85]
89829,[  3   2   1  98  76 157 339 138 154  85]
51766,[  3   2   1  98  76 157 339 138 154  85]
33758,[  3   2   1  98  76 157 339 138 154  85]
98688,[  3   2   1  98  76 157 339 138 154  85]
39843,[  3   2   1  98  76 157 339 138 154  85]
36205,[  3   2   1  98  76 157 339 138 154  85]
20539,[  3   2   1  98  76 157 339 138 154  85]
717,[  3   2   1  98 138  76 488 155  85 339]
61871,[  3   2   1  98  76 157 339 138 154  85]
19256,[  3   2   1  98  76 157 339 138 154  85]
62511,[  3   2   1  98  76 157 339 138 154  85]
52520,[  3   2   1  98  76 157 339 138 154  85]
42256,[  3   2   1  98  76 157 339 138 154  85]
93921,[  3   2   1  98  76 157 339 138 154  85]
84707,[  3   2   1  98  76 157 339 138 154  85]
77094,[  3   2   1  98  76 157 339 138 154  85]
57825,[  3   2   1  98  76 157 339 138 154  85]
57188,[  3   2   1  98  76 157 339 138 154  85]
323,[  3   2   1  98 138  76 488 155  85 339]
36010,[  3   2   1  98  76 157 339 138 154  85]
7864,[  3   2   1  98  18  76  32  45 157  85]
53154,[  3   2   1  98  76 157 339 138 154  85]
5056,[  3   2   1  98  18  76  32  45 157  85]
37678,[  3   2   1  98  76 157 339 138 154  85]
83752,[  3   2   1  98  76 157 339 138 154  85]
70943,[  3   2   1  98  76 157 339 138 154  85]
97327,[  3   2   1  98  76 157 339 138 154  85]
28275,[  3   2   1  98  76 157 339 138 154  85]
81562,[  3   2   1  98  76 157 339 138 154  85]
18743,[  3   2   1  98  18  76  32  45 157  85]
29360,[  3   2   1  98  76 157 339 138 154  85]
62368,[  3   2   1  98  76 157 339 138 154  85]
21386,[  3   2   1  98  76 157 339 138 154  85]
20683,[  3   2   1  98  76 157 339 138 154  85]
4861,[  3   2   1  98  18  76  32  45 157  85]
37201,[  3   2   1  98  76 157 339 138 154  85]
15549,[  3   2   1  98  18  76  32  45 157  85]
94893,[  3   2   1  98  76 157 339 138 154  85]
83439,[  3   2   1  98  76 157 339 138 154  85]
10828,[  3   2   1  98  18  76  32  45 157  85]
49819,[  3   2   1  98  76 157 339 138 154  85]
32455,[  3   2   1  98  76 157 339 138 154  85]
40539,[  3   2   1  98  76 157 339 138 154  85]
21954,[  3   2   1  98  76 157 339 138 154  85]
54482,[  3   2   1  98  76 157 339 138 154  85]
72670,[  3   2   1  98  76 157 339 138 154  85]
68758,[  3   2   1  98  76 157 339 138 154  85]
17418,[  3   2   1  98  18  76  32  45 157  85]
9221,[  3   2   1  98  18  76  32  45 157  85]
73189,[  3   2   1  98  76 157 339 138 154  85]
84523,[  3   2   1  98  76 157 339 138 154  85]
98441,[  3   2   1  98  76 157 339 138 154  85]
4923,[  3   2   1  98  18  76  32  45 157  85]
68888,[  3   2   1  98  76 157 339 138 154  85]
36951,[  3   2   1  98  76 157 339 138 154  85]
67556,[  3   2   1  98  76 157 339 138 154  85]
71398,[  3   2   1  98  76 157 339 138 154  85]
68647,[  3   2   1  98  76 157 339 138 154  85]
43358,[  3   2   1  98  76 157 339 138 154  85]
17946,[  3   2   1  98  18  76  32  45 157  85]
467,[  3   2   1  98 138  76 488 155  85 339]
92540,[  3   2   1  98  76 157 339 138 154  85]
95495,[  3   2   1  98  76 157 339 138 154  85]
8057,[  3   2   1  98  18  76  32  45 157  85]
88825,[  3   2   1  98  76 157 339 138 154  85]
90029,[  3   2   1  98  76 157 339 138 154  85]
76937,[  3   2   1  98  76 157 339 138 154  85]
45201,[  3   2   1  98  76 157 339 138 154  85]
91385,[  3   2   1  98  76 157 339 138 154  85]
5968,[  3   2   1  98  18  76  32  45 157  85]
79375,[  3   2   1  98  76 157 339 138 154  85]
27428,[  3   2   1  98  76 157 339 138 154  85]
87683,[  3   2   1  98  76 157 339 138 154  85]
9687,[  3   2   1  98  18  76  32  45 157  85]
12076,[  3   2   1  98  18  76  32  45 157  85]
24870,[  3   2   1  98  76 157 339 138 154  85]
81037,[  3   2   1  98  76 157 339 138 154  85]
57654,[  3   2   1  98  76 157 339 138 154  85]
49552,[  3   2   1  98  76 157 339 138 154  85]
20445,[  3   2   1  98  76 157 339 138 154  85]
53428,[  3   2   1  98  76 157 339 138 154  85]
82821,[  3   2   1  98  76 157 339 138 154  85]
68571,[  3   2   1  98  76 157 339 138 154  85]
17368,[  3   2   1  98  18  76  32  45 157  85]
55629,[  3   2   1  98  76 157 339 138 154  85]
60720,[  3   2   1  98  76 157 339 138 154  85]
7595,[  3   2   1  98  18  76  32  45 157  85]
51298,[  3   2   1  98  76 157 339 138 154  85]
76739,[  3   2   1  98  76 157 339 138 154  85]
82375,[  3   2   1  98  76 157 339 138 154  85]
21071,[  3   2   1  98  76 157 339 138 154  85]
68191,[  3   2   1  98  76 157 339 138 154  85]
23518,[  3   2   1  98  76 157 339 138 154  85]
4551,[  3   2   1  98 138  76 339 154 157 155]
60451,[  3   2   1  98  76 157 339 138 154  85]
5763,[  3   2   1  98  18  76  32  45 157  85]
75935,[  3   2   1  98  76 157 339 138 154  85]
59506,[  3   2   1  98  76 157 339 138 154  85]
92404,[  3   2   1  98  76 157 339 138 154  85]
62176,[  3   2   1  98  76 157 339 138 154  85]
63722,[  3   2   1  98  76 157 339 138 154  85]
66759,[  3   2   1  98  76 157 339 138 154  85]
64439,[  3   2   1  98  76 157 339 138 154  85]
50063,[  3   2   1  98  76 157 339 138 154  85]
87410,[  3   2   1  98  76 157 339 138 154  85]
4920,[  3   2   1  98  18  76  32  45 157  85]
93267,[  3   2   1  98  76 157 339 138 154  85]
80565,[  3   2   1  98  76 157 339 138 154  85]
70962,[  3   2   1  98  76 157 339 138 154  85]
13102,[  3   2   1  98  18  76  32  45 157  85]
91967,[  3   2   1  98  76 157 339 138 154  85]
68959,[  3   2   1  98  76 157 339 138 154  85]
69682,[  3   2   1  98  76 157 339 138 154  85]
41684,[  3   2   1  98  76 157 339 138 154  85]
24635,[  3   2   1  98  76 157 339 138 154  85]
50192,[  3   2   1  98  76 157 339 138 154  85]
69329,[  3   2   1  98  76 157 339 138 154  85]
49139,[  3   2   1  98  76 157 339 138 154  85]
79668,[  3   2   1  98  76 157 339 138 154  85]
78481,[  3   2   1  98  76 157 339 138 154  85]
13435,[  3   2   1  98  18  76  32  45 157  85]
74220,[  3   2   1  98  76 157 339 138 154  85]
20575,[  3   2   1  98  18  76  32  45 157  85]
19774,[  3   2   1  98  18  76  32  45 157  85]
24883,[  3   2   1  98  76 157 339 138 154  85]
10163,[  3   2   1  98  18  76  32  45 157  85]
4348,[  3   2   1  98 138  76 339 154 157 155]
45614,[  3   2   1  98  76 157 339 138 154  85]
64371,[  3   2   1  98  76 157 339 138 154  85]
47440,[  3   2   1  98  76 157 339 138 154  85]
13961,[  3   2   1  98  18  76  32  45 157  85]
61074,[  3   2   1  98  76 157 339 138 154  85]
86585,[  3   2   1  98  76 157 339 138 154  85]
16371,[  3   2   1  98  18  76  32  45 157  85]
69706,[  3   2   1  98  76 157 339 138 154  85]
36053,[  3   2   1  98  76 157 339 138 154  85]
71051,[  3   2   1  98  76 157 339 138 154  85]
47152,[  3   2   1  98  76 157 339 138 154  85]
54920,[  3   2   1  98  76 157 339 138 154  85]
12986,[  3   2   1  98  18  76  32  45 157  85]
83643,[  3   2   1  98  76 157 339 138 154  85]
61258,[  3   2   1  98  76 157 339 138 154  85]
20491,[  3   2   1  98  18  76  32  45 157  85]
50037,[  3   2   1  98  76 157 339 138 154  85]
55206,[  3   2   1  98  76 157 339 138 154  85]
84331,[  3   2   1  98  76 157 339 138 154  85]
17890,[  3   2   1  98  18  76  32  45 157  85]
44289,[  3   2   1  98  76 157 339 138 154  85]
72033,[  3   2   1  98  76 157 339 138 154  85]
89921,[  3   2   1  98  76 157 339 138 154  85]
49149,[  3   2   1  98  76 157 339 138 154  85]
35046,[  3   2   1  98  76 157 339 138 154  85]
59808,[  3   2   1  98  76 157 339 138 154  85]
7191,[  3   2   1  98  18  76  32  45 157  85]
74649,[  3   2   1  98  76 157 339 138 154  85]
32670,[  3   2   1  98  76 157 339 138 154  85]
77839,[  3   2   1  98  76 157 339 138 154  85]
72398,[  3   2   1  98  76 157 339 138 154  85]
80586,[  3   2   1  98  76 157 339 138 154  85]
29339,[  3   2   1  98  76 157 339 138 154  85]
95222,[  3   2   1  98  76 157 339 138 154  85]
24437,[  3   2   1  98  76 157 339 138 154  85]
45575,[  3   2   1  98  76 157 339 138 154  85]
97813,[  3   2   1  98  76 157 339 138 154  85]
95672,[  3   2   1  98  76 157 339 138 154  85]
45909,[  3   2   1  98  76 157 339 138 154  85]
32565,[  3   2   1  98  76 157 339 138 154  85]
30320,[  3   2   1  98  76 157 339 138 154  85]
79662,[  3   2   1  98  76 157 339 138 154  85]
70021,[  3   2   1  98  76 157 339 138 154  85]
15009,[  3   2   1  98  18  76  32  45 157  85]
40004,[  3   2   1  98  76 157 339 138 154  85]
8800,[  3   2   1  98  18  76  32  45 157  85]
26597,[  3   2   1  98  76 157 339 138 154  85]
20190,[  3   2   1  98  18  76  32  45 157  85]
74010,[  3   2   1  98  76 157 339 138 154  85]
90519,[  3   2   1  98  76 157 339 138 154  85]
16197,[  3   2   1  98  18  76  32  45 157  85]
5049,[  3   2   1  98 138  76 339 154 157 155]
32410,[  3   2   1  98  76 157 339 138 154  85]
2285,[  3   2   1  98 339  76 138 157 154  85]
74788,[  3   2   1  98  76 157 339 138 154  85]
69091,[  3   2   1  98  76 157 339 138 154  85]
91302,[  3   2   1  98  76 157 339 138 154  85]
28844,[  3   2   1  98  76 157 339 138 154  85]
38846,[  3   2   1  98  76 157 339 138 154  85]
78741,[  3   2   1  98  76 157 339 138 154  85]
53535,[  3   2   1  98  76 157 339 138 154  85]
62226,[  3   2   1  98  76 157 339 138 154  85]
50630,[  3   2   1  98  76 157 339 138 154  85]
43992,[  3   2   1  98  76 157 339 138 154  85]
3069,[  3   2   1  98 138  76 339 154 488 155]
23060,[  3   2   1  98  76 157 339 138 154  85]
17678,[  3   2   1  98  18  76  32  45 157  85]
12569,[  3   2   1  98  18  76  32  45 157  85]
48740,[  3   2   1  98  76 157 339 138 154  85]
23610,[  3   2   1  98  76 157 339 138 154  85]
29887,[  3   2   1  98  76 157 339 138 154  85]
72306,[  3   2   1  98  76 157 339 138 154  85]
86133,[  3   2   1  98  76 157 339 138 154  85]
74281,[  3   2   1  98  76 157 339 138 154  85]
27310,[  3   2   1  98  76 157 339 138 154  85]
73305,[  3   2   1  98  76 157 339 138 154  85]
